﻿<Ui xmlns="http://www.blizzard.com/wow/ui/">
	<Script file="Phase0\DruidBalance.lua" />
	<Script file="Phase0\DruidBear.lua" />
	<Script file="Phase0\DruidCat.lua" />
	<Script file="Phase0\DruidRestoration.lua" />
	<Script file="Phase0\HunterBM.lua" />
	<Script file="Phase0\HunterMarks.lua" />
	<Script file="Phase0\HunterSurvival.lua" />
	<Script file="Phase0\MageFrost.lua" />
	<Script file="Phase0\MageFire.lua" />
	<Script file="Phase0\MageArcane.lua" />
	<Script file="Phase0\PaladinHoly.lua" />
	<Script file="Phase0\PaladinRetribution.lua" />
	<Script file="Phase0\PaladinProtection.lua" />
	<Script file="Phase0\PriestHoly.lua" />
	<Script file="Phase0\PriestShadow.lua" />
	<Script file="Phase0\Rogue.lua" />
	<Script file="Phase0\ShamanElemental.lua" />
	<Script file="Phase0\ShamanEnhancement.lua" />
	<Script file="Phase0\ShamanRestoration.lua" />
	<Script file="Phase0\WarlockAfflic.lua" />
	<Script file="Phase0\WarlockDemo.lua" />
	<Script file="Phase0\WarlockDestro.lua" />
	<Script file="Phase0\WarriorDPSFury.lua" />
	<Script file="Phase0\WarriorDPSArms.lua" />
	<Script file="Phase0\WarriorProtection.lua" />

	<Script file="Phase1\DruidBalance.lua" />
	<Script file="Phase1\DruidBear.lua" />
	<Script file="Phase1\DruidCat.lua" />
	<Script file="Phase1\DruidRestoration.lua" />
	<Script file="Phase1\HunterBM.lua" />
	<Script file="Phase1\HunterMarks.lua" />
	<Script file="Phase1\HunterSurvival.lua" />
	<Script file="Phase1\MageFrost.lua" />
	<Script file="Phase1\MageFire.lua" />
	<Script file="Phase1\MageArcane.lua" />
	<Script file="Phase1\PaladinHoly.lua" />
	<Script file="Phase1\PaladinRetribution.lua" />
	<Script file="Phase1\PaladinProtection.lua" />
	<Script file="Phase1\PriestHoly.lua" />
	<Script file="Phase1\PriestShadow.lua" />
	<Script file="Phase1\Rogue.lua" />
	<Script file="Phase1\ShamanElemental.lua" />
	<Script file="Phase1\ShamanEnhancement.lua" />
	<Script file="Phase1\ShamanRestoration.lua" />
	<Script file="Phase1\WarlockAfflic.lua" />
	<Script file="Phase1\WarlockDemo.lua" />
	<Script file="Phase1\WarlockDestro.lua" />
	<Script file="Phase1\WarriorDPSFury.lua" />
	<Script file="Phase1\WarriorDPSArms.lua" />
	<Script file="Phase1\WarriorProtection.lua" />

	<Script file="Phase2\DruidBalance.lua" />
	<Script file="Phase2\DruidBear.lua" />
	<Script file="Phase2\DruidCat.lua" />
	<Script file="Phase2\DruidRestoration.lua" />
	<Script file="Phase2\HunterBM.lua" />
	<Script file="Phase2\HunterMarks.lua" />
	<Script file="Phase2\HunterSurvival.lua" />
	<Script file="Phase2\MageFrost.lua" />
	<Script file="Phase2\MageFire.lua" />
	<Script file="Phase2\MageArcane.lua" />
	<Script file="Phase2\PaladinHoly.lua" />
	<Script file="Phase2\PaladinRetribution.lua" />
	<Script file="Phase2\PaladinProtection.lua" />
	<Script file="Phase2\PriestHoly.lua" />
	<Script file="Phase2\PriestShadow.lua" />
	<Script file="Phase2\Rogue.lua" />
	<Script file="Phase2\ShamanElemental.lua" />
	<Script file="Phase2\ShamanEnhancement.lua" />
	<Script file="Phase2\ShamanRestoration.lua" />
	<Script file="Phase2\WarlockAfflic.lua" />
	<Script file="Phase2\WarlockDemo.lua" />
	<Script file="Phase2\WarlockDestro.lua" />
	<Script file="Phase2\WarriorDPSFury.lua" />
	<Script file="Phase2\WarriorDPSArms.lua" />
	<Script file="Phase2\WarriorProtection.lua" />

	<Script file="Phase3\DruidBalance.lua" />
	<Script file="Phase3\DruidBear.lua" />
	<Script file="Phase3\DruidCat.lua" />
	<Script file="Phase3\DruidRestoration.lua" />
	<Script file="Phase3\HunterBM.lua" />
	<Script file="Phase3\HunterMarks.lua" />
	<Script file="Phase3\HunterSurvival.lua" />
	<Script file="Phase3\MageFrost.lua" />
	<Script file="Phase3\MageFire.lua" />
	<Script file="Phase3\MageArcane.lua" />
	<Script file="Phase3\PaladinHoly.lua" />
	<Script file="Phase3\PaladinRetribution.lua" />
	<Script file="Phase3\PaladinProtection.lua" />
	<Script file="Phase3\PriestHoly.lua" />
	<Script file="Phase3\PriestShadow.lua" />
	<Script file="Phase3\Rogue.lua" />
	<Script file="Phase3\ShamanElemental.lua" />
	<Script file="Phase3\ShamanEnhancement.lua" />
	<Script file="Phase3\ShamanRestoration.lua" />
	<Script file="Phase3\WarlockAfflic.lua" />
	<Script file="Phase3\WarlockDemo.lua" />
	<Script file="Phase3\WarlockDestro.lua" />
	<Script file="Phase3\WarriorDPSFury.lua" />
	<Script file="Phase3\WarriorDPSArms.lua" />
	<Script file="Phase3\WarriorProtection.lua" />
</Ui>